security_id,ticker,security_name,security_type,currency,market_value,as_of_date
1,T0001,Security 0001,EQUITY,USD,100190.36,2026-09-23
2,T0002,Security 0002,ETF,EUR,100380.72,2026-09-23
3,T0003,Security 0003,BOND,GBP,100571.08,2026-09-23
4,T0004,Security 0004,MUTUAL_FUND,JPY,100761.44,2026-09-23
5,T0005,Security 0005,EQUITY,USD,100951.8,2026-09-23
6,T0006,Security 0006,ETF,EUR,101142.16,2026-09-23
7,T0007,Security 0007,BOND,GBP,101332.52,2026-09-23
8,T0008,Security 0008,MUTUAL_FUND,JPY,101522.88,2026-09-23
9,T0009,Security 0009,EQUITY,USD,101713.24,2026-09-23
10,T0010,Security 0010,ETF,EUR,101903.6,2026-09-23
11,T0011,Security 0011,BOND,GBP,102093.96,2026-09-23
12,T0012,Security 0012,MUTUAL_FUND,JPY,102284.32,2026-09-23
13,T0013,Security 0013,EQUITY,USD,102474.68,2026-09-23
14,T0014,Security 0014,ETF,EUR,102665.04,2026-09-23
15,T0015,Security 0015,BOND,GBP,102855.4,2026-09-23
16,T0016,Security 0016,MUTUAL_FUND,JPY,103045.76,2026-09-23
17,T0017,Security 0017,EQUITY,USD,102333.25,2026-09-23
18,T0018,Security 0018,ETF,EUR,102523.61,2026-09-23
19,T0019,Security 0019,BOND,GBP,102713.97,2026-09-23
20,T0020,Security 0020,MUTUAL_FUND,JPY,102904.33,2026-09-23
21,T0021,Security 0021,EQUITY,USD,103094.69,2026-09-23
22,T0022,Security 0022,ETF,EUR,103285.05,2026-09-23
23,T0023,Security 0023,BOND,GBP,103475.41,2026-09-23
24,T0024,Security 0024,MUTUAL_FUND,JPY,103665.77,2026-09-23
25,T0025,Security 0025,EQUITY,USD,103856.13,2026-09-23
26,T0026,Security 0026,ETF,EUR,104046.49,2026-09-23
27,T0027,Security 0027,BOND,GBP,104236.85,2026-09-23
28,T0028,Security 0028,MUTUAL_FUND,JPY,104427.21,2026-09-23
29,T0029,Security 0029,EQUITY,USD,104617.57,2026-09-23
30,T0030,Security 0030,ETF,EUR,104807.93,2026-09-23
31,T0031,Security 0031,BOND,GBP,104998.29,2026-09-23
32,T0032,Security 0032,MUTUAL_FUND,JPY,105188.65,2026-09-23
33,T0033,Security 0033,EQUITY,USD,105379.01,2026-09-23
34,T0034,Security 0034,ETF,EUR,104666.5,2026-09-23
35,T0035,Security 0035,BOND,GBP,104856.86,2026-09-23
36,T0036,Security 0036,MUTUAL_FUND,JPY,105047.22,2026-09-23
37,T0037,Security 0037,EQUITY,USD,105237.58,2026-09-23
38,T0038,Security 0038,ETF,EUR,105427.94,2026-09-23
39,T0039,Security 0039,BOND,GBP,105618.3,2026-09-23
40,T0040,Security 0040,MUTUAL_FUND,JPY,105808.66,2026-09-23
41,T0041,Security 0041,EQUITY,USD,105999.02,2026-09-23
42,T0042,Security 0042,ETF,EUR,106189.38,2026-09-23
43,T0043,Security 0043,BOND,GBP,106379.74,2026-09-23
44,T0044,Security 0044,MUTUAL_FUND,JPY,106570.1,2026-09-23
45,T0045,Security 0045,EQUITY,USD,106760.46,2026-09-23
46,T0046,Security 0046,ETF,EUR,106950.82,2026-09-23
47,T0047,Security 0047,BOND,GBP,107141.18,2026-09-23
48,T0048,Security 0048,MUTUAL_FUND,JPY,107331.54,2026-09-23
49,T0049,Security 0049,EQUITY,USD,107521.9,2026-09-23
50,T0050,Security 0050,ETF,EUR,107712.26,2026-09-23
51,T0051,Security 0051,BOND,GBP,106999.75,2026-09-23
52,T0052,Security 0052,MUTUAL_FUND,JPY,107190.11,2026-09-23
53,T0053,Security 0053,EQUITY,USD,107380.47,2026-09-23
54,T0054,Security 0054,ETF,EUR,107570.83,2026-09-23
55,T0055,Security 0055 - INCORRECT,BOND,GBP,107761.19,2026-09-23
56,T0056,Security 0056,MUTUAL_FUND,JPY,107951.55,2026-09-23
57,T0057,Security 0057,EQUITY,USD,108141.91,2026-09-23
58,T0058,Security 0058,ETF,EUR,108332.27,2026-09-23
59,T0059,Security 0059,BOND,GBP,108522.63,2026-09-23
60,T0060,Security 0060,MUTUAL_FUND,JPY,108712.99,2026-09-23
61,T0061,Security 0061,EQUITY,USD,108903.35,2026-09-23
62,T0062,Security 0062,ETF,EUR,109093.71,2026-09-23
63,T0063,Security 0063,BOND,GBP,109284.07,2026-09-23
64,T0064,Security 0064,MUTUAL_FUND,JPY,109474.43,2026-09-23
65,T0065,Security 0065,EQUITY,USD,109664.79,2026-09-23
66,T0066,Security 0066,ETF,EUR,109855.15,2026-09-23
67,T0067,Security 0067,BOND,GBP,110045.51,2026-09-23
68,T0068,Security 0068,MUTUAL_FUND,JPY,109333.0,2026-09-23
69,T0069,Security 0069,EQUITY,USD,109523.36,2026-09-23
70,T0070,Security 0070,ETF,EUR,109713.72,2026-09-23
71,T0071,Security 0071,BOND,GBP,110404.08,2026-09-23
72,T0072,Security 0072,MUTUAL_FUND,JPY,108844.19,2026-09-23
73,T0073,Security 0073,EQUITY,USD,110284.8,2026-09-23
74,T0074,Security 0074,ETF,EUR,110475.16,2026-09-23
75,T0075,Security 0075,BOND,GBP,110665.52,2026-09-23
76,T0076,Security 0076,MUTUAL_FUND,JPY,110855.88,2026-09-23
77,T0077,Security 0077,EQUITY,USD,111046.24,2026-09-23
78,T0078,Security 0078,ETF,EUR,111236.6,2026-09-23
79,T0079,Security 0079,BOND,GBP,111426.96,2026-09-23
80,T0080,Security 0080,MUTUAL_FUND,JPY,111617.32,2026-09-23
81,T0081,Security 0081,EQUITY,USD,111807.68,2026-09-23
82,T0082,Security 0082,ETF,EUR,111998.04,2026-09-23
83,T0083,Security 0083,BOND,GBP,112188.4,2026-09-23
84,T0084,Security 0084,MUTUAL_FUND,JPY,112378.76,2026-09-23
85,T0085,Security 0085,EQUITY,USD,111666.25,2026-09-23
86,T0086,Security 0086,ETF,EUR,111856.61,2026-09-23
87,T0087,Security 0087,BOND,GBP,112046.97,2026-09-23
88,T0088,Security 0088,MUTUAL_FUND,JPY,112237.33,2026-09-23
89,T0089,Security 0089,EQUITY,USD,112427.69,2026-09-23
90,T0090,Security 0090,ETF,EUR,112618.05,2026-09-23
91,T0091,Security 0091,BOND,GBP,112808.41,2026-09-23
92,T0092,Security 0092,MUTUAL_FUND,JPY,112998.77,2026-09-23
93,T0093,Security 0093,EQUITY,USD,113189.13,2026-09-23
94,T0094,Security 0094,ETF,EUR,113379.49,2026-09-23
95,T0095,Security 0095,BOND,GBP,113569.85,2026-09-23
96,T0096,Security 0096,MUTUAL_FUND,JPY,113760.21,2026-09-23
97,T0097,Security 0097,EQUITY,USD,113950.57,2026-09-23
98,T0098,Security 0098,ETF,EUR,114140.93,2026-09-23
99,T0099,Security 0099,BOND,GBP,114331.29,2026-09-23
100,T0100,Security 0100,MUTUAL_FUND,JPY,114521.65,2026-09-23
101,T0101,Security 0101,EQUITY,USD,114712.01,2026-09-23
102,T0102,Security 0102,ETF,EUR,113999.5,2026-09-23
103,T0103,Security 0103,BOND,GBP,114189.86,2026-09-23
104,T0104,Security 0104,MUTUAL_FUND,JPY,114380.22,2026-09-23
105,T0105,Security 0105,EQUITY,USD,114570.58,2026-09-23
106,T0106,Security 0106,ETF,EUR,114760.94,2026-09-23
107,T0107,Security 0107,BOND,GBP,114951.3,2026-09-23
108,T0108,Security 0108,MUTUAL_FUND,JPY,115141.66,2026-09-23
109,T0109,Security 0109,EQUITY,USD,115332.02,2026-09-23
110,T0110,Security 0110,ETF,EUR,115522.38,2026-09-23
111,T0111,Security 0111,BOND,GBP,115712.74,2026-09-23
112,T0112,Security 0112,MUTUAL_FUND,JPY,115903.1,2026-09-23
113,T0113,Security 0113,EQUITY,USD,116093.46,2026-09-23
114,T0114,Security 0114,ETF,EUR,116283.82,2026-09-23
115,T0115,Security 0115,BOND,GBP,116474.18,2026-09-23
116,T0116,Security 0116,MUTUAL_FUND,JPY,116664.54,2026-09-23
117,T0117,Security 0117,EQUITY,USD,116854.9,2026-09-23
118,T0118,Security 0118,ETF,EUR,117045.26,2026-09-23
119,T0119,Security 0119,BOND,GBP,116332.75,2026-09-23
120,T0120,Security 0120,MUTUAL_FUND,JPY,116523.11,2026-09-23
121,T0121,Security 0121,EQUITY,USD,116713.47,2026-09-23
122,T0122,Security 0122,ETF,EUR,116903.83,2026-09-23
123,T0123,Security 0123,BOND,GBP,117094.19,2026-09-23
124,T0124,Security 0124,MUTUAL_FUND,JPY,117284.55,2026-09-23
125,T0125,Security 0125,EQUITY,USD,117474.91,2026-09-23
126,T0126,Security 0126,ETF,EUR,117665.27,2026-09-23
127,T0127,Security 0127,BOND,GBP,117855.63,2026-09-23
128,T0128,Security 0128,MUTUAL_FUND,JPY,118045.99,2026-09-23
129,T0129,Security 0129,EQUITY,USD,118236.35,2026-09-23
130,T0130,Security 0130,ETF,EUR,118426.71,2026-09-23
131,T0131,Security 0131,BOND,GBP,118617.07,2026-09-23
132,T0132,Security 0132,MUTUAL_FUND,JPY,118807.43,2026-09-23
133,T0133,Security 0133,EQUITY,USD,118997.79,2026-09-23
134,T0134,Security 0134,ETF,EUR,119188.15,2026-09-23
135,T0135,Security 0135,BOND,GBP,119378.51,2026-09-23
136,T0136,Security 0136,MUTUAL_FUND,JPY,118666.0,2026-09-23
137,T0137,Security 0137,EQUITY,USD,118856.36,2026-09-23
138,T0138,Security 0138,ETF,EUR,119046.72,2026-09-23
139,T0139,Security 0139,BOND,GBP,119237.08,2026-09-23
140,T0140,Security 0140,MUTUAL_FUND,JPY,119427.44,2026-09-23
141,T0141,Security 0141,EQUITY,USD,119617.8,2026-09-23
142,T0142,Security 0142,ETF,EUR,119808.16,2026-09-23
143,T0143,Security 0143,BOND,GBP,119998.52,2026-09-23
144,T0144,Security 0144 - INCORRECT,MUTUAL_FUND,JPY,120188.88,2026-09-23
145,T0145,Security 0145,EQUITY,USD,120379.24,2026-09-23
146,T0146,Security 0146,ETF,EUR,120569.6,2026-09-23
147,T0147,Security 0147,BOND,GBP,120759.96,2026-09-23
148,T0148,Security 0148,MUTUAL_FUND,JPY,120950.32,2026-09-23
149,T0149,Security 0149,EQUITY,USD,121140.68,2026-09-23
150,T0150,Security 0150,ETF,EUR,121406.14,2026-09-23
151,T0151,Security 0151,BOND,GBP,121521.4,2026-09-23
152,T0152,Security 0152,MUTUAL_FUND,JPY,121711.76,2026-09-23
153,T0153,Security 0153,EQUITY,USD,120999.25,2026-09-23
154,T0154,Security 0154,ETF,EUR,121189.61,2026-09-23
155,T0155,Security 0155,BOND,GBP,121379.97,2026-09-23
156,T0156,Security 0156,MUTUAL_FUND,JPY,121570.33,2026-09-23
157,T0157,Security 0157,EQUITY,USD,121760.69,2026-09-23
158,T0158,Security 0158,ETF,EUR,121951.05,2026-09-23
159,T0159,Security 0159,BOND,GBP,122141.41,2026-09-23
160,T0160,Security 0160,MUTUAL_FUND,JPY,122331.77,2026-09-23
161,T0161,Security 0161,EQUITY,USD,122522.13,2026-09-23
162,T0162,Security 0162,ETF,EUR,122712.49,2026-09-23
163,T0163,Security 0163,BOND,GBP,122902.85,2026-09-23
164,T0164,Security 0164,MUTUAL_FUND,JPY,123093.21,2026-09-23
165,T0165,Security 0165,EQUITY,USD,123283.57,2026-09-23
166,T0166,Security 0166,ETF,EUR,123473.93,2026-09-23
167,T0167,Security 0167,BOND,GBP,123664.29,2026-09-23
168,T0168,Security 0168,MUTUAL_FUND,JPY,123854.65,2026-09-23
169,T0169,Security 0169,EQUITY,USD,124045.01,2026-09-23
170,T0170,Security 0170,ETF,EUR,123332.5,2026-09-23
171,T0171,Security 0171,BOND,GBP,123522.86,2026-09-23
172,T0172,Security 0172,MUTUAL_FUND,JPY,123713.22,2026-09-23
173,T0173,Security 0173,EQUITY,USD,123903.58,2026-09-23
174,T0174,Security 0174,ETF,EUR,124093.94,2026-09-23
175,T0175,Security 0175,BOND,GBP,124284.3,2026-09-23
176,T0176,Security 0176,MUTUAL_FUND,JPY,124474.66,2026-09-23
177,T0177,Security 0177,EQUITY,USD,124665.02,2026-09-23
178,T0178,Security 0178,ETF,EUR,124855.38,2026-09-23
179,T0179,Security 0179,BOND,GBP,125045.74,2026-09-23
180,T0180,Security 0180,MUTUAL_FUND,JPY,125236.1,2026-09-23
181,T0181,Security 0181,EQUITY,USD,125426.46,2026-09-23
182,T0182,Security 0182,ETF,EUR,125616.82,2026-09-23
183,T0183,Security 0183,BOND,GBP,125807.18,2026-09-23
184,T0184,Security 0184,MUTUAL_FUND,JPY,125997.54,2026-09-23
185,T0185,Security 0185,EQUITY,USD,126187.9,2026-09-23
186,T0186,Security 0186,ETF,EUR,126378.26,2026-09-23
187,T0187,Security 0187,BOND,GBP,125665.75,2026-09-23
188,T0188,Security 0188,MUTUAL_FUND,JPY,125856.11,2026-09-23
189,T0189,Security 0189,EQUITY,USD,126046.47,2026-09-23
190,T0190,Security 0190,ETF,EUR,126236.83,2026-09-23
191,T0191,Security 0191,BOND,GBP,126427.19,2026-09-23
192,T0192,Security 0192,MUTUAL_FUND,JPY,126617.55,2026-09-23
193,T0193,Security 0193,EQUITY,USD,126807.91,2026-09-23
194,T0194,Security 0194,ETF,EUR,126998.27,2026-09-23
195,T0195,Security 0195,BOND,GBP,127188.63,2026-09-23
196,T0196,Security 0196,MUTUAL_FUND,JPY,127378.99,2026-09-23
197,T0197,Security 0197,EQUITY,USD,127569.35,2026-09-23
198,T0198,Security 0198,ETF,EUR,127759.71,2026-09-23
199,T0199,Security 0199,BOND,GBP,127950.07,2026-09-23
200,T0200,Security 0200,MUTUAL_FUND,JPY,128140.43,2026-09-23
201,T0201,Security 0201,EQUITY,USD,129330.78,2026-09-23
202,T0202,Security 0202,ETF,EUR,128521.15,2026-09-23
203,T0203,Security 0203,BOND,GBP,128711.51,2026-09-23
204,T0204,Security 0204,MUTUAL_FUND,JPY,127999.0,2026-09-23
205,T0205,Security 0205,EQUITY,USD,128189.36,2026-09-23
206,T0206,Security 0206,ETF,EUR,128379.72,2026-09-23
207,T0207,Security 0207,BOND,GBP,128570.08,2026-09-23
208,T0208,Security 0208,MUTUAL_FUND,JPY,128760.44,2026-09-23
209,T0209,Security 0209,EQUITY,USD,128950.8,2026-09-23
210,T0210,Security 0210,ETF,EUR,129141.16,2026-09-23
212,T0212,Security 0212,MUTUAL_FUND,JPY,129521.88,2026-09-23
213,T0213,Security 0213,EQUITY,USD,129712.24,2026-09-23
214,T0214,Security 0214,ETF,EUR,129902.6,2026-09-23
215,T0215,Security 0215,BOND,GBP,130092.96,2026-09-23
216,T0216,Security 0216,MUTUAL_FUND,JPY,130283.32,2026-09-23
217,T0217,Security 0217,EQUITY,USD,130473.68,2026-09-23
218,T0218,Security 0218,ETF,EUR,130664.04,2026-09-23
219,T0219,Security 0219,BOND,GBP,130854.4,2026-09-23
220,T0220,Security 0220,MUTUAL_FUND,JPY,131044.76,2026-09-23
221,T0221,Security 0221,EQUITY,USD,130332.25,2026-09-23
222,T0222,Security 0222,ETF,EUR,130522.61,2026-09-23
223,T0223,Security 0223,BOND,GBP,130712.97,2026-09-23
224,T0224,Security 0224,MUTUAL_FUND,JPY,130903.33,2026-09-23
225,T0225,Security 0225,EQUITY,USD,131093.69,2026-09-23
226,T0226,Security 0226,ETF,EUR,131284.05,2026-09-23
227,T0227,Security 0227,BOND,GBP,131474.41,2026-09-23
228,T0228,Security 0228,MUTUAL_FUND,JPY,131664.77,2026-09-23
229,T0229,Security 0229,EQUITY,USD,131855.13,2026-09-23
230,T0230,Security 0230,ETF,EUR,132045.49,2026-09-23
231,T0231,Security 0231,BOND,GBP,132235.85,2026-09-23
232,T0232,Security 0232,MUTUAL_FUND,JPY,132426.21,2026-09-23
233,T0233,Security 0233 - INCORRECT,EQUITY,USD,132616.57,2026-09-23
234,T0234,Security 0234,ETF,EUR,132806.93,2026-09-23
235,T0235,Security 0235,BOND,GBP,132997.29,2026-09-23
236,T0236,Security 0236,MUTUAL_FUND,JPY,133187.65,2026-09-23
237,T0237,Security 0237,EQUITY,USD,133378.01,2026-09-23
238,T0238,Security 0238,ETF,EUR,132665.5,2026-09-23
239,T0239,Security 0239,BOND,GBP,132855.86,2026-09-23
240,T0240,Security 0240,MUTUAL_FUND,JPY,133046.22,2026-09-23
241,T0241,Security 0241,EQUITY,USD,133236.58,2026-09-23
242,T0242,Security 0242,ETF,EUR,133426.94,2026-09-23
243,T0243,Security 0243,BOND,GBP,133617.3,2026-09-23
244,T0244,Security 0244,MUTUAL_FUND,JPY,133807.66,2026-09-23
245,T0245,Security 0245,EQUITY,USD,133998.02,2026-09-23
246,T0246,Security 0246,ETF,EUR,134188.38,2026-09-23
247,T0247,Security 0247,BOND,GBP,134378.74,2026-09-23
248,T0248,Security 0248,MUTUAL_FUND,JPY,134569.1,2026-09-23
249,T0249,Security 0249,EQUITY,USD,134759.46,2026-09-23
250,T0250,Security 0250,ETF,EUR,134949.82,2026-09-23
251,T0251,Security 0251,BOND,GBP,135140.18,2026-09-23
252,T0252,Security 0252,MUTUAL_FUND,JPY,135330.54,2026-09-23
253,T0253,Security 0253,EQUITY,USD,135520.9,2026-09-23
254,T0254,Security 0254,ETF,EUR,135711.26,2026-09-23
255,T0255,Security 0255,BOND,GBP,134998.75,2026-09-23
256,T0256,Security 0256,MUTUAL_FUND,JPY,135189.11,2026-09-23
257,T0257,Security 0257,EQUITY,USD,135379.47,2026-09-23
258,T0258,Security 0258,ETF,EUR,135569.83,2026-09-23
259,T0259,Security 0259,BOND,GBP,135760.19,2026-09-23
260,T0260,Security 0260,MUTUAL_FUND,JPY,135950.55,2026-09-23
261,T0261,Security 0261,EQUITY,USD,136140.91,2026-09-23
262,T0262,Security 0262,ETF,EUR,136331.27,2026-09-23
263,T0263,Security 0263,BOND,GBP,136521.63,2026-09-23
264,T0264,Security 0264,MUTUAL_FUND,JPY,136711.99,2026-09-23
265,T0265,Security 0265,EQUITY,USD,136902.35,2026-09-23
266,T0266,Security 0266,ETF,EUR,137092.71,2026-09-23
267,T0267,Security 0267,BOND,GBP,136833.07,2026-09-23
268,T0268,Security 0268,MUTUAL_FUND,JPY,137473.43,2026-09-23
269,T0269,Security 0269,EQUITY,USD,137663.79,2026-09-23
270,T0270,Security 0270,ETF,EUR,137854.15,2026-09-23
271,T0271,Security 0271,BOND,GBP,138044.51,2026-09-23
272,T0272,Security 0272,MUTUAL_FUND,JPY,137332.0,2026-09-23
273,T0273,Security 0273,EQUITY,USD,137522.36,2026-09-23
274,T0274,Security 0274,ETF,EUR,137712.72,2026-09-23
275,T0275,Security 0275,BOND,GBP,137903.08,2026-09-23
276,T0276,Security 0276,MUTUAL_FUND,JPY,138093.44,2026-09-23
277,T0277,Security 0277,EQUITY,USD,138283.8,2026-09-23
278,T0278,Security 0278,ETF,EUR,138474.16,2026-09-23
279,T0279,Security 0279,BOND,GBP,138664.52,2026-09-23
280,T0280,Security 0280,MUTUAL_FUND,JPY,138854.88,2026-09-23
281,T0281,Security 0281,EQUITY,USD,139045.24,2026-09-23
282,T0282,Security 0282,ETF,EUR,139235.6,2026-09-23
283,T0283,Security 0283,BOND,GBP,139425.96,2026-09-23
284,T0284,Security 0284,MUTUAL_FUND,JPY,139616.32,2026-09-23
285,T0285,Security 0285,EQUITY,USD,139806.68,2026-09-23
286,T0286,Security 0286,ETF,EUR,139997.04,2026-09-23
287,T0287,Security 0287,BOND,GBP,140187.4,2026-09-23
288,T0288,Security 0288,MUTUAL_FUND,JPY,140377.76,2026-09-23
289,T0289,Security 0289,EQUITY,USD,139665.25,2026-09-23
290,T0290,Security 0290,ETF,EUR,139855.61,2026-09-23
291,T0291,Security 0291,BOND,GBP,140045.97,2026-09-23
292,T0292,Security 0292,MUTUAL_FUND,JPY,140236.33,2026-09-23
293,T0293,Security 0293,EQUITY,USD,140426.69,2026-09-23
294,T0294,Security 0294,ETF,EUR,140617.05,2026-09-23
295,T0295,Security 0295,BOND,GBP,140807.41,2026-09-23
296,T0296,Security 0296,MUTUAL_FUND,JPY,140997.77,2026-09-23
297,T0297,Security 0297,EQUITY,USD,141188.13,2026-09-23
298,T0298,Security 0298,ETF,EUR,141378.49,2026-09-23
299,T0299,Security 0299,BOND,USX,141568.85,2026-09-23
300,T0300,Security 0300,STOCK_OPTION,JPY,141759.21,2026-09-23
301,T0301,Security 0301,EQUITY,USD,-1.0,2026-09-23
302,T0302,,ETF,EUR,142139.93,2026-09-23
303,T0303,Security 0303,BOND,GBP,142330.29,2026-09-23
304,T0304,Security 0304,MUTUAL_FUND,JPY,142520.65,2026-09-23
305,T0305,Security 0305,EQUITY,USD,142711.01,2026-09-23
306,T0306,Security 0306,ETF,EUR,141998.5,2026-09-23
307,T0307,Security 0307,BOND,GBP,142188.86,2026-09-23
308,T0308,Security 0308,MUTUAL_FUND,JPY,142379.22,2026-09-23
309,T0309,Security 0309,EQUITY,USD,142569.58,2026-09-23
310,T0310,Security 0310,ETF,EUR,142759.94,2026-09-23
311,T0311,Security 0311,BOND,GBP,142950.3,2026-09-23
312,T0312,Security 0312,MUTUAL_FUND,JPY,143140.66,2026-09-23
313,T0313,Security 0313,EQUITY,USD,143331.02,2026-09-23
314,T0314,Security 0314,ETF,EUR,143521.38,2026-09-23
315,T0315,Security 0315,BOND,GBP,143711.74,2026-09-23
316,T0316,Security 0316,MUTUAL_FUND,JPY,143902.1,2026-09-23
317,T0317,Security 0317,EQUITY,USD,144092.46,2026-09-23
318,T0318,Security 0318,ETF,EUR,146382.82,2026-09-23
319,T0319,Security 0319,BOND,GBP,144473.18,2026-09-23
320,T0320,Security 0320,MUTUAL_FUND,JPY,144663.54,2026-09-23
321,T0321,Security 0321,EQUITY,USD,144853.9,2026-09-23
322,T0322,Security 0322,ETF,EUR,145044.26,2026-09-23
323,T0323,Security 0323,BOND,GBP,144331.75,2026-09-23
324,T0324,Security 0324,MUTUAL_FUND,JPY,144522.11,2026-09-23
325,T0325,Security 0325,EQUITY,USD,144712.47,2026-09-23
326,T0326,Security 0326,ETF,EUR,144902.83,2026-09-23
327,T0327,Security 0327,BOND,GBP,145093.19,2026-09-23
328,T0328,Security 0328,MUTUAL_FUND,JPY,145283.55,2026-09-23
329,T0329,Security 0329,EQUITY,USD,145473.91,2026-09-23
330,T0330,Security 0330,ETF,EUR,145664.27,2026-09-23
331,T0331,Security 0331,BOND,GBP,145854.63,2026-09-23
332,T0332,Security 0332,MUTUAL_FUND,JPY,146044.99,2026-09-23
333,T0333,Security 0333,EQUITY,USD,146235.35,2026-09-23
334,T0334,Security 0334,ETF,EUR,146425.71,2026-09-23
335,T0335,Security 0335,BOND,GBP,146616.07,2026-09-23
336,T0336,Security 0336,MUTUAL_FUND,JPY,146806.43,2026-09-23
337,T0337,Security 0337,EQUITY,USD,146996.79,2026-09-23
338,T0338,Security 0338,ETF,EUR,147187.15,2026-09-23
339,T0339,Security 0339,BOND,GBP,147377.51,2026-09-23
340,T0340,Security 0340,MUTUAL_FUND,JPY,146665.0,2026-09-23
341,T0341,Security 0341,EQUITY,USD,146855.36,2026-09-23
342,T0342,Security 0342,ETF,EUR,147045.72,2026-09-23
343,T0343,Security 0343,BOND,GBP,147236.08,2026-09-23
344,T0344,Security 0344,MUTUAL_FUND,JPY,147426.44,2026-09-23
345,T0345,Security 0345,EQUITY,USD,147616.8,2026-09-23
346,T0346,Security 0346,ETF,EUR,147807.16,2026-09-23
347,T0347,Security 0347,BOND,GBP,147997.52,2026-09-23
348,T0348,Security 0348,MUTUAL_FUND,JPY,148187.88,2026-09-23
349,T0349,Security 0349,EQUITY,USD,148378.24,2026-09-23
350,T0350,Security 0350,ETF,EUR,148568.6,2026-09-23
351,T0351,Security 0351,BOND,GBP,148758.96,2026-09-23
352,T0352,Security 0352,MUTUAL_FUND,JPY,148949.32,2026-09-23
353,T0353,Security 0353,EQUITY,USD,149139.68,2026-09-23
354,T0354,Security 0354,ETF,EUR,149330.04,2026-09-23
355,T0355,Security 0355,BOND,GBP,149520.4,2026-09-23
356,T0356,Security 0356,MUTUAL_FUND,JPY,149710.76,2026-09-23
357,T0357,Security 0357,EQUITY,USD,148998.25,2026-09-23
358,T0358,Security 0358,ETF,EUR,149188.61,2026-09-23
359,T0359,Security 0359,BOND,GBP,149378.97,2026-09-23
360,T0360,Security 0360,MUTUAL_FUND,JPY,149569.33,2026-09-23
361,T0361,Security 0361,EQUITY,USD,149759.69,2026-09-23
362,T0362,Security 0362,ETF,EUR,149950.05,2026-09-23
363,T0363,Security 0363,BOND,GBP,150140.41,2026-09-23
364,T0364,Security 0364,MUTUAL_FUND,JPY,150330.77,2026-09-23
365,T0365,Security 0365,EQUITY,USD,150521.13,2026-09-23
366,T0366,Security 0366,ETF,EUR,150678.16,2026-09-23
367,T0367,Security 0367,BOND,GBP,150901.85,2026-09-23
368,T0368,Security 0368,MUTUAL_FUND,JPY,151092.21,2026-09-23
369,T0369,Security 0369,EQUITY,USD,151282.57,2026-09-23
370,T0370,Security 0370,ETF,EUR,151472.93,2026-09-23
371,T0371,Security 0371,BOND,GBP,151663.29,2026-09-23
372,T0372,Security 0372,MUTUAL_FUND,JPY,151853.65,2026-09-23
373,T0373,Security 0373,EQUITY,USD,152044.01,2026-09-23
374,T0374,Security 0374,ETF,EUR,151331.5,2026-09-23
375,T0375,Security 0375,BOND,GBP,151521.86,2026-09-23
376,T0376,Security 0376,MUTUAL_FUND,JPY,151712.22,2026-09-23
378,T0378,Security 0378,ETF,EUR,152092.94,2026-09-23
379,T0379,Security 0379,BOND,GBP,152283.3,2026-09-23
380,T0380,Security 0380,MUTUAL_FUND,JPY,152473.66,2026-09-23
381,T0381,Security 0381,EQUITY,USD,152664.02,2026-09-23
382,T0382,Security 0382,ETF,EUR,152854.38,2026-09-23
383,T0383,Security 0383,BOND,GBP,153044.74,2026-09-23
384,T0384,Security 0384,MUTUAL_FUND,JPY,153235.1,2026-09-23
385,T0385,Security 0385,EQUITY,USD,153425.46,2026-09-23
386,T0386,Security 0386,ETF,EUR,153615.82,2026-09-23
387,T0387,Security 0387,BOND,GBP,153806.18,2026-09-23
388,T0388,Security 0388,MUTUAL_FUND,JPY,153996.54,2026-09-23
389,T0389,Security 0389,EQUITY,USD,154186.9,2026-09-23
390,T0390,Security 0390,ETF,EUR,154377.26,2026-09-23
391,T0391,Security 0391,BOND,GBP,153664.75,2026-09-23
392,T0392,Security 0392,MUTUAL_FUND,JPY,153855.11,2026-09-23
393,T0393,Security 0393,EQUITY,USD,154045.47,2026-09-23
394,T0394,Security 0394,ETF,EUR,154235.83,2026-09-23
395,T0395,Security 0395,BOND,GBP,154426.19,2026-09-23
396,T0396,Security 0396,MUTUAL_FUND,JPY,154616.55,2026-09-23
397,T0397,Security 0397,EQUITY,USD,154806.91,2026-09-23
398,T0398,Security 0398,ETF,EUR,154997.27,2026-09-23
399,T0399,Security 0399,BOND,GBP,155187.63,2026-09-23
400,T0400,Security 0400,MUTUAL_FUND,JPY,155377.99,2026-09-23
401,T0401,Security 0401,EQUITY,USD,155568.35,2026-09-23
402,T0402,Security 0402,ETF,EUR,155758.71,2026-09-23
403,T0403,Security 0403,BOND,GBP,155949.07,2026-09-23
404,T0404,Security 0404,MUTUAL_FUND,JPY,156139.43,2026-09-23
405,T0405,Security 0405,EQUITY,USD,156329.79,2026-09-23
406,T0406,Security 0406,ETF,EUR,156520.15,2026-09-23
407,T0407,Security 0407,BOND,GBP,156710.51,2026-09-23
408,T0408,Security 0408,MUTUAL_FUND,JPY,155998.0,2026-09-23
409,T0409,Security 0409,EQUITY,USD,156188.36,2026-09-23
410,T0410,Security 0410,ETF,EUR,156378.72,2026-09-23
411,T0411,Security 0411 - INCORRECT,BOND,GBP,156569.08,2026-09-23
412,T0412,Security 0412,MUTUAL_FUND,JPY,156759.44,2026-09-23
413,T0413,Security 0413,EQUITY,USD,156949.8,2026-09-23
414,T0414,Security 0414,ETF,EUR,157140.16,2026-09-23
415,T0415,Security 0415,BOND,GBP,157330.52,2026-09-23
416,T0416,Security 0416,MUTUAL_FUND,JPY,157520.88,2026-09-23
417,T0417,Security 0417,EQUITY,USD,157711.24,2026-09-23
418,T0418,Security 0418,ETF,EUR,157901.6,2026-09-23
419,T0419,Security 0419,BOND,GBP,158091.96,2026-09-23
420,T0420,Security 0420,MUTUAL_FUND,JPY,158882.32,2026-09-23
421,T0421,Security 0421,EQUITY,USD,158472.68,2026-09-23
422,T0422,Security 0422,ETF,EUR,158663.04,2026-09-23
423,T0423,Security 0423,BOND,GBP,158853.4,2026-09-23
424,T0424,Security 0424,MUTUAL_FUND,JPY,159043.76,2026-09-23
425,T0425,Security 0425,EQUITY,USD,158331.25,2026-09-23
426,T0426,Security 0426,ETF,EUR,158521.61,2026-09-23
427,T0427,Security 0427,BOND,GBP,158711.97,2026-09-23
428,T0428,Security 0428,MUTUAL_FUND,JPY,158902.33,2026-09-23
429,T0429,Security 0429,EQUITY,USD,159092.69,2026-09-23
430,T0430,Security 0430,ETF,EUR,159283.05,2026-09-23
431,T0431,Security 0431,BOND,GBP,159473.41,2026-09-23
432,T0432,Security 0432,MUTUAL_FUND,JPY,159663.77,2026-09-23
433,T0433,Security 0433,EQUITY,USD,159854.13,2026-09-23
434,T0434,Security 0434,ETF,EUR,160044.49,2026-09-23
435,T0435,Security 0435,BOND,GBP,160234.85,2026-09-23
436,T0436,Security 0436,MUTUAL_FUND,JPY,160425.21,2026-09-23
437,T0437,Security 0437,EQUITY,USD,160615.57,2026-09-23
438,T0438,Security 0438,ETF,EUR,160805.93,2026-09-23
439,T0439,Security 0439,BOND,GBP,160996.29,2026-09-23
440,T0440,Security 0440,MUTUAL_FUND,JPY,161186.65,2026-09-23
441,T0441,Security 0441,EQUITY,USD,161377.01,2026-09-23
442,T0442,Security 0442,ETF,EUR,160664.5,2026-09-23
443,T0443,Security 0443,BOND,GBP,160854.86,2026-09-23
444,T0444,Security 0444,MUTUAL_FUND,JPY,161045.22,2026-09-23
445,T0445,Security 0445,EQUITY,USD,161235.58,2026-09-23
446,T0446,Security 0446,ETF,EUR,161425.94,2026-09-23
447,T0447,Security 0447,BOND,GBP,161616.3,2026-09-23
448,T0448,Security 0448,MUTUAL_FUND,JPY,161806.66,2026-09-23
449,T0449,Security 0449,EQUITY,USD,161997.02,2026-09-23
450,T0450,Security 0450,ETF,EUR,162187.38,2026-09-23
451,T0451,Security 0451,BOND,GBP,162377.74,2026-09-23
452,T0452,Security 0452,MUTUAL_FUND,JPY,162568.1,2026-09-23
453,T0453,Security 0453,EQUITY,USD,162758.46,2026-09-23
454,T0454,Security 0454,ETF,EUR,162948.82,2026-09-23
455,T0455,Security 0455,BOND,GBP,163139.18,2026-09-23
456,T0456,Security 0456,MUTUAL_FUND,JPY,163329.54,2026-09-23
457,T0457,Security 0457,EQUITY,USD,163519.9,2026-09-23
458,T0458,Security 0458,ETF,EUR,163710.26,2026-09-23
459,T0459,Security 0459,BOND,GBP,162997.75,2026-09-23
460,T0460,Security 0460,MUTUAL_FUND,JPY,163188.11,2026-09-23
461,T0461,Security 0461,EQUITY,USD,163378.47,2026-09-23
462,T0462,Security 0462,ETF,EUR,163568.83,2026-09-23
463,T0463,Security 0463,BOND,GBP,163759.19,2026-09-23
464,T0464,Security 0464,MUTUAL_FUND,JPY,163949.55,2026-09-23
465,T0465,Security 0465,EQUITY,USD,164139.91,2026-09-23
466,T0466,Security 0466,ETF,EUR,164330.27,2026-09-23
467,T0467,Security 0467,BOND,GBP,164520.63,2026-09-23
468,T0468,Security 0468,MUTUAL_FUND,JPY,164710.99,2026-09-23
469,T0469,Security 0469,EQUITY,USD,164901.35,2026-09-23
470,T0470,Security 0470,ETF,EUR,165091.71,2026-09-23
471,T0471,Security 0471,BOND,GBP,165282.07,2026-09-23
472,T0472,Security 0472,MUTUAL_FUND,JPY,165472.43,2026-09-23
473,T0473,Security 0473,EQUITY,USD,165662.79,2026-09-23
474,T0474,Security 0474,ETF,EUR,165853.15,2026-09-23
475,T0475,Security 0475,BOND,GBP,166043.51,2026-09-23
476,T0476,Security 0476,MUTUAL_FUND,JPY,165331.0,2026-09-23
477,T0477,Security 0477,EQUITY,USD,165521.36,2026-09-23
478,T0478,Security 0478,ETF,EUR,165711.72,2026-09-23
479,T0479,Security 0479,BOND,GBP,165902.08,2026-09-23
480,T0480,Security 0480,MUTUAL_FUND,JPY,166092.44,2026-09-23
481,T0481,Security 0481,EQUITY,USD,166282.8,2026-09-23
482,T0482,Security 0482,ETF,EUR,166473.16,2026-09-23
483,T0483,Security 0483,BOND,GBP,166663.52,2026-09-23
484,T0484,Security 0484,MUTUAL_FUND,JPY,166853.88,2026-09-23
485,T0485,Security 0485,EQUITY,USD,167044.24,2026-09-23
486,T0486,Security 0486,ETF,EUR,167234.6,2026-09-23
487,T0487,Security 0487,BOND,GBP,167424.96,2026-09-23
488,T0488,Security 0488,MUTUAL_FUND,JPY,167615.32,2026-09-23
489,T0489,Security 0489,EQUITY,USD,167805.68,2026-09-23
490,T0490,Security 0490,ETF,EUR,167996.04,2026-09-23
491,T0491,Security 0491,BOND,GBP,168186.4,2026-09-23
492,T0492,Security 0492,MUTUAL_FUND,JPY,168376.76,2026-09-23
493,T0493,Security 0493,EQUITY,USD,167664.25,2026-09-23
494,T0494,Security 0494,ETF,EUR,167854.61,2026-09-23
495,T0495,Security 0495,BOND,GBP,168044.97,2026-09-23
496,T0496,Security 0496,MUTUAL_FUND,JPY,168235.33,2026-09-23
497,T0497,Security 0497,EQUITY,USD,168425.69,2026-09-23
498,T0498,Security 0498,ETF,EUR,168616.05,2026-09-23
499,T0499,Security 0499,BOND,GBP,168806.41,2026-09-23
500,T0500,Security 0500,MUTUAL_FUND,JPY,168996.77,2026-09-23
901,EX901,Unexpected Security,EQUITY,USD,250000.0,2026-09-23
902,EX902,Unexpected Security 2,ETF,USD,175000.0,2026-09-23
33,T0033,Security 0033,EQUITY,USD,106379.01,2026-09-23
